<?xml version="1.0" encoding="UTF-8" standalone="no"?><tree classes ="unacc:1210,acc:384,vgood:65,good:69," entropy="0.6028704850060876"><node classes="unacc:576," entropy="0.0" safety="low">unacc</node><node classes="unacc:357,acc:180,good:39," entropy="0.6075789953970611" safety="med"><node classes="unacc:192," entropy="0.0" persons="2">unacc</node><node classes="unacc:84,acc:90,good:18," entropy="0.6771685102328484" persons="4"><node classes="unacc:36,acc:12," entropy="0.4056390622295664" buying="vhigh"><node classes="unacc:12," entropy="0.0" maint="vhigh">unacc</node><node classes="unacc:12," entropy="0.0" maint="high">unacc</node><node classes="unacc:6,acc:6," entropy="0.5" maint="med"><node classes="unacc:4," entropy="0.0" lug_boot="small">unacc</node><node classes="unacc:2,acc:2," entropy="0.5" lug_boot="med"><node classes="unacc:1," entropy="0.0" doors="2">unacc</node><node classes="unacc:1," entropy="0.0" doors="3">unacc</node><node classes="acc:1," entropy="0.0" doors="4">acc</node><node classes="acc:1," entropy="0.0" doors="5more">acc</node></node><node classes="acc:4," entropy="0.0" lug_boot="big">acc</node></node><node classes="unacc:6,acc:6," entropy="0.5" maint="low"><node classes="unacc:4," entropy="0.0" lug_boot="small">unacc</node><node classes="unacc:2,acc:2," entropy="0.5" lug_boot="med"><node classes="unacc:1," entropy="0.0" doors="2">unacc</node><node classes="unacc:1," entropy="0.0" doors="3">unacc</node><node classes="acc:1," entropy="0.0" doors="4">acc</node><node classes="acc:1," entropy="0.0" doors="5more">acc</node></node><node classes="acc:4," entropy="0.0" lug_boot="big">acc</node></node></node><node classes="unacc:30,acc:18," entropy="0.47721700146248247" buying="high"><node classes="unacc:16," entropy="0.0" lug_boot="small">unacc</node><node classes="unacc:10,acc:6," entropy="0.47721700146248247" lug_boot="med"><node classes="unacc:4," entropy="0.0" doors="2">unacc</node><node classes="unacc:4," entropy="0.0" doors="3">unacc</node><node classes="unacc:1,acc:3," entropy="0.4056390622295664" doors="4"><node classes="unacc:1," entropy="0.0" maint="vhigh">unacc</node><node classes="acc:1," entropy="0.0" maint="high">acc</node><node classes="acc:1," entropy="0.0" maint="med">acc</node><node classes="acc:1," entropy="0.0" maint="low">acc</node></node><node classes="unacc:1,acc:3," entropy="0.4056390622295664" doors="5more"><node classes="unacc:1," entropy="0.0" maint="vhigh">unacc</node><node classes="acc:1," entropy="0.0" maint="high">acc</node><node classes="acc:1," entropy="0.0" maint="med">acc</node><node classes="acc:1," entropy="0.0" maint="low">acc</node></node></node><node classes="unacc:4,acc:12," entropy="0.4056390622295664" lug_boot="big"><node classes="unacc:4," entropy="0.0" maint="vhigh">unacc</node><node classes="acc:4," entropy="0.0" maint="high">acc</node><node classes="acc:4," entropy="0.0" maint="med">acc</node><node classes="acc:4," entropy="0.0" maint="low">acc</node></node></node><node classes="unacc:12,acc:30,good:6," entropy="0.6493974703476992" buying="med"><node classes="unacc:6,acc:6," entropy="0.5" maint="vhigh"><node classes="unacc:4," entropy="0.0" lug_boot="small">unacc</node><node classes="unacc:2,acc:2," entropy="0.5" lug_boot="med"><node classes="unacc:1," entropy="0.0" doors="2">unacc</node><node classes="unacc:1," entropy="0.0" doors="3">unacc</node><node classes="acc:1," entropy="0.0" doors="4">acc</node><node classes="acc:1," entropy="0.0" doors="5more">acc</node></node><node classes="acc:4," entropy="0.0" lug_boot="big">acc</node></node><node classes="unacc:6,acc:6," entropy="0.5" maint="high"><node classes="unacc:4," entropy="0.0" lug_boot="small">unacc</node><node classes="unacc:2,acc:2," entropy="0.5" lug_boot="med"><node classes="unacc:1," entropy="0.0" doors="2">unacc</node><node classes="unacc:1," entropy="0.0" doors="3">unacc</node><node classes="acc:1," entropy="0.0" doors="4">acc</node><node classes="acc:1," entropy="0.0" doors="5more">acc</node></node><node classes="acc:4," entropy="0.0" lug_boot="big">acc</node></node><node classes="acc:12," entropy="0.0" maint="med">acc</node><node classes="acc:6,good:6," entropy="0.5" maint="low"><node classes="acc:4," entropy="0.0" lug_boot="small">acc</node><node classes="acc:2,good:2," entropy="0.5" lug_boot="med"><node classes="acc:1," entropy="0.0" doors="2">acc</node><node classes="acc:1," entropy="0.0" doors="3">acc</node><node classes="good:1," entropy="0.0" doors="4">good</node><node classes="good:1," entropy="0.0" doors="5more">good</node></node><node classes="good:4," entropy="0.0" lug_boot="big">good</node></node></node><node classes="unacc:6,acc:30,good:12," entropy="0.6493974703476992" buying="low"><node classes="unacc:6,acc:6," entropy="0.5" maint="vhigh"><node classes="unacc:4," entropy="0.0" lug_boot="small">unacc</node><node classes="unacc:2,acc:2," entropy="0.5" lug_boot="med"><node classes="unacc:1," entropy="0.0" doors="2">unacc</node><node classes="unacc:1," entropy="0.0" doors="3">unacc</node><node classes="acc:1," entropy="0.0" doors="4">acc</node><node classes="acc:1," entropy="0.0" doors="5more">acc</node></node><node classes="acc:4," entropy="0.0" lug_boot="big">acc</node></node><node classes="acc:12," entropy="0.0" maint="high">acc</node><node classes="acc:6,good:6," entropy="0.5" maint="med"><node classes="acc:4," entropy="0.0" lug_boot="small">acc</node><node classes="acc:2,good:2," entropy="0.5" lug_boot="med"><node classes="acc:1," entropy="0.0" doors="2">acc</node><node classes="acc:1," entropy="0.0" doors="3">acc</node><node classes="good:1," entropy="0.0" doors="4">good</node><node classes="good:1," entropy="0.0" doors="5more">good</node></node><node classes="good:4," entropy="0.0" lug_boot="big">good</node></node><node classes="acc:6,good:6," entropy="0.5" maint="low"><node classes="acc:4," entropy="0.0" lug_boot="small">acc</node><node classes="acc:2,good:2," entropy="0.5" lug_boot="med"><node classes="acc:1," entropy="0.0" doors="2">acc</node><node classes="acc:1," entropy="0.0" doors="3">acc</node><node classes="good:1," entropy="0.0" doors="4">good</node><node classes="good:1," entropy="0.0" doors="5more">good</node></node><node classes="good:4," entropy="0.0" lug_boot="big">good</node></node></node></node><node classes="unacc:81,acc:90,good:21," entropy="0.6934362118666216" persons="more"><node classes="unacc:34,acc:14," entropy="0.4354322346176823" buying="vhigh"><node classes="unacc:12," entropy="0.0" maint="vhigh">unacc</node><node classes="unacc:12," entropy="0.0" maint="high">unacc</node><node classes="unacc:5,acc:7," entropy="0.48993437832557635" maint="med"><node classes="unacc:4," entropy="0.0" lug_boot="small">unacc</node><node classes="unacc:1,acc:3," entropy="0.4056390622295664" lug_boot="med"><node classes="unacc:1," entropy="0.0" doors="2">unacc</node><node classes="acc:1," entropy="0.0" doors="3">acc</node><node classes="acc:1," entropy="0.0" doors="4">acc</node><node classes="acc:1," entropy="0.0" doors="5more">acc</node></node><node classes="acc:4," entropy="0.0" lug_boot="big">acc</node></node><node classes="unacc:5,acc:7," entropy="0.48993437832557635" maint="low"><node classes="unacc:4," entropy="0.0" lug_boot="small">unacc</node><node classes="unacc:1,acc:3," entropy="0.4056390622295664" lug_boot="med"><node classes="unacc:1," entropy="0.0" doors="2">unacc</node><node classes="acc:1," entropy="0.0" doors="3">acc</node><node classes="acc:1," entropy="0.0" doors="4">acc</node><node classes="acc:1," entropy="0.0" doors="5more">acc</node></node><node classes="acc:4," entropy="0.0" lug_boot="big">acc</node></node></node><node classes="unacc:27,acc:21," entropy="0.4943497041442487" buying="high"><node classes="unacc:16," entropy="0.0" lug_boot="small">unacc</node><node classes="unacc:7,acc:9," entropy="0.4943497041442487" lug_boot="med"><node classes="unacc:4," entropy="0.0" maint="vhigh">unacc</node><node classes="unacc:1,acc:3," entropy="0.4056390622295664" maint="high"><node classes="unacc:1," entropy="0.0" doors="2">unacc</node><node classes="acc:1," entropy="0.0" doors="3">acc</node><node classes="acc:1," entropy="0.0" doors="4">acc</node><node classes="acc:1," entropy="0.0" doors="5more">acc</node></node><node classes="unacc:1,acc:3," entropy="0.4056390622295664" maint="med"><node classes="unacc:1," entropy="0.0" doors="2">unacc</node><node classes="acc:1," entropy="0.0" doors="3">acc</node><node classes="acc:1," entropy="0.0" doors="4">acc</node><node classes="acc:1," entropy="0.0" doors="5more">acc</node></node><node classes="unacc:1,acc:3," entropy="0.4056390622295664" maint="low"><node classes="unacc:1," entropy="0.0" doors="2">unacc</node><node classes="acc:1," entropy="0.0" doors="3">acc</node><node classes="acc:1," entropy="0.0" doors="4">acc</node><node classes="acc:1," entropy="0.0" doors="5more">acc</node></node></node><node classes="unacc:4,acc:12," entropy="0.4056390622295664" lug_boot="big"><node classes="unacc:4," entropy="0.0" maint="vhigh">unacc</node><node classes="acc:4," entropy="0.0" maint="high">acc</node><node classes="acc:4," entropy="0.0" maint="med">acc</node><node classes="acc:4," entropy="0.0" maint="low">acc</node></node></node><node classes="unacc:12,acc:29,good:7," entropy="0.6721428824256126" buying="med"><node classes="unacc:5,acc:7," entropy="0.48993437832557635" maint="vhigh"><node classes="unacc:4," entropy="0.0" lug_boot="small">unacc</node><node classes="unacc:1,acc:3," entropy="0.4056390622295664" lug_boot="med"><node classes="unacc:1," entropy="0.0" doors="2">unacc</node><node classes="acc:1," entropy="0.0" doors="3">acc</node><node classes="acc:1," entropy="0.0" doors="4">acc</node><node classes="acc:1," entropy="0.0" doors="5more">acc</node></node><node classes="acc:4," entropy="0.0" lug_boot="big">acc</node></node><node classes="unacc:5,acc:7," entropy="0.48993437832557635" maint="high"><node classes="unacc:4," entropy="0.0" lug_boot="small">unacc</node><node classes="unacc:1,acc:3," entropy="0.4056390622295664" lug_boot="med"><node classes="unacc:1," entropy="0.0" doors="2">unacc</node><node classes="acc:1," entropy="0.0" doors="3">acc</node><node classes="acc:1," entropy="0.0" doors="4">acc</node><node classes="acc:1," entropy="0.0" doors="5more">acc</node></node><node classes="acc:4," entropy="0.0" lug_boot="big">acc</node></node><node classes="unacc:1,acc:11," entropy="0.20690842515181687" maint="med"><node classes="unacc:1,acc:2," entropy="0.4591479170272448" doors="2"><node classes="unacc:1," entropy="0.0" lug_boot="small">unacc</node><node classes="acc:1," entropy="0.0" lug_boot="med">acc</node><node classes="acc:1," entropy="0.0" lug_boot="big">acc</node></node><node classes="acc:3," entropy="0.0" doors="3">acc</node><node classes="acc:3," entropy="0.0" doors="4">acc</node><node classes="acc:3," entropy="0.0" doors="5more">acc</node></node><node classes="unacc:1,acc:4,good:7," entropy="0.6403360647604435" maint="low"><node classes="unacc:1,acc:3," entropy="0.4056390622295664" lug_boot="small"><node classes="unacc:1," entropy="0.0" doors="2">unacc</node><node classes="acc:1," entropy="0.0" doors="3">acc</node><node classes="acc:1," entropy="0.0" doors="4">acc</node><node classes="acc:1," entropy="0.0" doors="5more">acc</node></node><node classes="acc:1,good:3," entropy="0.4056390622295664" lug_boot="med"><node classes="acc:1," entropy="0.0" doors="2">acc</node><node classes="good:1," entropy="0.0" doors="3">good</node><node classes="good:1," entropy="0.0" doors="4">good</node><node classes="good:1," entropy="0.0" doors="5more">good</node></node><node classes="good:4," entropy="0.0" lug_boot="big">good</node></node></node><node classes="unacc:8,acc:26,good:14," entropy="0.7142062338972983" buying="low"><node classes="unacc:5,acc:7," entropy="0.48993437832557635" maint="vhigh"><node classes="unacc:4," entropy="0.0" lug_boot="small">unacc</node><node classes="unacc:1,acc:3," entropy="0.4056390622295664" lug_boot="med"><node classes="unacc:1," entropy="0.0" doors="2">unacc</node><node classes="acc:1," entropy="0.0" doors="3">acc</node><node classes="acc:1," entropy="0.0" doors="4">acc</node><node classes="acc:1," entropy="0.0" doors="5more">acc</node></node><node classes="acc:4," entropy="0.0" lug_boot="big">acc</node></node><node classes="unacc:1,acc:11," entropy="0.20690842515181687" maint="high"><node classes="unacc:1,acc:2," entropy="0.4591479170272448" doors="2"><node classes="unacc:1," entropy="0.0" lug_boot="small">unacc</node><node classes="acc:1," entropy="0.0" lug_boot="med">acc</node><node classes="acc:1," entropy="0.0" lug_boot="big">acc</node></node><node classes="acc:3," entropy="0.0" doors="3">acc</node><node classes="acc:3," entropy="0.0" doors="4">acc</node><node classes="acc:3," entropy="0.0" doors="5more">acc</node></node><node classes="unacc:1,acc:4,good:7," entropy="0.6403360647604435" maint="med"><node classes="unacc:1,acc:3," entropy="0.4056390622295664" lug_boot="small"><node classes="unacc:1," entropy="0.0" doors="2">unacc</node><node classes="acc:1," entropy="0.0" doors="3">acc</node><node classes="acc:1," entropy="0.0" doors="4">acc</node><node classes="acc:1," entropy="0.0" doors="5more">acc</node></node><node classes="acc:1,good:3," entropy="0.4056390622295664" lug_boot="med"><node classes="acc:1," entropy="0.0" doors="2">acc</node><node classes="good:1," entropy="0.0" doors="3">good</node><node classes="good:1," entropy="0.0" doors="4">good</node><node classes="good:1," entropy="0.0" doors="5more">good</node></node><node classes="good:4," entropy="0.0" lug_boot="big">good</node></node><node classes="unacc:1,acc:4,good:7," entropy="0.6403360647604435" maint="low"><node classes="unacc:1,acc:3," entropy="0.4056390622295664" lug_boot="small"><node classes="unacc:1," entropy="0.0" doors="2">unacc</node><node classes="acc:1," entropy="0.0" doors="3">acc</node><node classes="acc:1," entropy="0.0" doors="4">acc</node><node classes="acc:1," entropy="0.0" doors="5more">acc</node></node><node classes="acc:1,good:3," entropy="0.4056390622295664" lug_boot="med"><node classes="acc:1," entropy="0.0" doors="2">acc</node><node classes="good:1," entropy="0.0" doors="3">good</node><node classes="good:1," entropy="0.0" doors="4">good</node><node classes="good:1," entropy="0.0" doors="5more">good</node></node><node classes="good:4," entropy="0.0" lug_boot="big">good</node></node></node></node></node><node classes="unacc:277,acc:204,vgood:65,good:30," entropy="0.8077559247898062" safety="high"><node classes="unacc:192," entropy="0.0" persons="2">unacc</node><node classes="unacc:36,acc:108,vgood:30,good:18," entropy="0.8291726092673619" persons="4"><node classes="unacc:24,acc:24," entropy="0.5" buying="vhigh"><node classes="unacc:12," entropy="0.0" maint="vhigh">unacc</node><node classes="unacc:12," entropy="0.0" maint="high">unacc</node><node classes="acc:12," entropy="0.0" maint="med">acc</node><node classes="acc:12," entropy="0.0" maint="low">acc</node></node><node classes="unacc:12,acc:36," entropy="0.4056390622295664" buying="high"><node classes="unacc:12," entropy="0.0" maint="vhigh">unacc</node><node classes="acc:12," entropy="0.0" maint="high">acc</node><node classes="acc:12," entropy="0.0" maint="med">acc</node><node classes="acc:12," entropy="0.0" maint="low">acc</node></node><node classes="acc:30,vgood:12,good:6," entropy="0.6493974703476992" buying="med"><node classes="acc:12," entropy="0.0" maint="vhigh">acc</node><node classes="acc:12," entropy="0.0" maint="high">acc</node><node classes="acc:6,vgood:6," entropy="0.5" maint="med"><node classes="acc:4," entropy="0.0" lug_boot="small">acc</node><node classes="acc:2,vgood:2," entropy="0.5" lug_boot="med"><node classes="acc:1," entropy="0.0" doors="2">acc</node><node classes="acc:1," entropy="0.0" doors="3">acc</node><node classes="vgood:1," entropy="0.0" doors="4">vgood</node><node classes="vgood:1," entropy="0.0" doors="5more">vgood</node></node><node classes="vgood:4," entropy="0.0" lug_boot="big">vgood</node></node><node classes="good:6,vgood:6," entropy="0.5" maint="low"><node classes="good:4," entropy="0.0" lug_boot="small">good</node><node classes="good:2,vgood:2," entropy="0.5" lug_boot="med"><node classes="good:1," entropy="0.0" doors="2">good</node><node classes="good:1," entropy="0.0" doors="3">good</node><node classes="vgood:1," entropy="0.0" doors="4">vgood</node><node classes="vgood:1," entropy="0.0" doors="5more">vgood</node></node><node classes="vgood:4," entropy="0.0" lug_boot="big">vgood</node></node></node><node classes="acc:18,vgood:18,good:12," entropy="0.7806390622295664" buying="low"><node classes="acc:12," entropy="0.0" maint="vhigh">acc</node><node classes="acc:6,vgood:6," entropy="0.5" maint="high"><node classes="acc:4," entropy="0.0" lug_boot="small">acc</node><node classes="acc:2,vgood:2," entropy="0.5" lug_boot="med"><node classes="acc:1," entropy="0.0" doors="2">acc</node><node classes="acc:1," entropy="0.0" doors="3">acc</node><node classes="vgood:1," entropy="0.0" doors="4">vgood</node><node classes="vgood:1," entropy="0.0" doors="5more">vgood</node></node><node classes="vgood:4," entropy="0.0" lug_boot="big">vgood</node></node><node classes="good:6,vgood:6," entropy="0.5" maint="med"><node classes="good:4," entropy="0.0" lug_boot="small">good</node><node classes="good:2,vgood:2," entropy="0.5" lug_boot="med"><node classes="good:1," entropy="0.0" doors="2">good</node><node classes="good:1," entropy="0.0" doors="3">good</node><node classes="vgood:1," entropy="0.0" doors="4">vgood</node><node classes="vgood:1," entropy="0.0" doors="5more">vgood</node></node><node classes="vgood:4," entropy="0.0" lug_boot="big">vgood</node></node><node classes="good:6,vgood:6," entropy="0.5" maint="low"><node classes="good:4," entropy="0.0" lug_boot="small">good</node><node classes="good:2,vgood:2," entropy="0.5" lug_boot="med"><node classes="good:1," entropy="0.0" doors="2">good</node><node classes="good:1," entropy="0.0" doors="3">good</node><node classes="vgood:1," entropy="0.0" doors="4">vgood</node><node classes="vgood:1," entropy="0.0" doors="5more">vgood</node></node><node classes="vgood:4," entropy="0.0" lug_boot="big">vgood</node></node></node></node><node classes="unacc:49,acc:96,vgood:35,good:12," entropy="0.8502374013173388" persons="more"><node classes="unacc:26,acc:22," entropy="0.49749241409298506" buying="vhigh"><node classes="unacc:12," entropy="0.0" maint="vhigh">unacc</node><node classes="unacc:12," entropy="0.0" maint="high">unacc</node><node classes="unacc:1,acc:11," entropy="0.20690842515181687" maint="med"><node classes="unacc:1,acc:2," entropy="0.4591479170272448" doors="2"><node classes="unacc:1," entropy="0.0" lug_boot="small">unacc</node><node classes="acc:1," entropy="0.0" lug_boot="med">acc</node><node classes="acc:1," entropy="0.0" lug_boot="big">acc</node></node><node classes="acc:3," entropy="0.0" doors="3">acc</node><node classes="acc:3," entropy="0.0" doors="4">acc</node><node classes="acc:3," entropy="0.0" doors="5more">acc</node></node><node classes="unacc:1,acc:11," entropy="0.20690842515181687" maint="low"><node classes="unacc:1,acc:2," entropy="0.4591479170272448" doors="2"><node classes="unacc:1," entropy="0.0" lug_boot="small">unacc</node><node classes="acc:1," entropy="0.0" lug_boot="med">acc</node><node classes="acc:1," entropy="0.0" lug_boot="big">acc</node></node><node classes="acc:3," entropy="0.0" doors="3">acc</node><node classes="acc:3," entropy="0.0" doors="4">acc</node><node classes="acc:3," entropy="0.0" doors="5more">acc</node></node></node><node classes="unacc:15,acc:33," entropy="0.44801911626727875" buying="high"><node classes="unacc:12," entropy="0.0" maint="vhigh">unacc</node><node classes="unacc:1,acc:11," entropy="0.20690842515181687" maint="high"><node classes="unacc:1,acc:2," entropy="0.4591479170272448" doors="2"><node classes="unacc:1," entropy="0.0" lug_boot="small">unacc</node><node classes="acc:1," entropy="0.0" lug_boot="med">acc</node><node classes="acc:1," entropy="0.0" lug_boot="big">acc</node></node><node classes="acc:3," entropy="0.0" doors="3">acc</node><node classes="acc:3," entropy="0.0" doors="4">acc</node><node classes="acc:3," entropy="0.0" doors="5more">acc</node></node><node classes="unacc:1,acc:11," entropy="0.20690842515181687" maint="med"><node classes="unacc:1,acc:2," entropy="0.4591479170272448" doors="2"><node classes="unacc:1," entropy="0.0" lug_boot="small">unacc</node><node classes="acc:1," entropy="0.0" lug_boot="med">acc</node><node classes="acc:1," entropy="0.0" lug_boot="big">acc</node></node><node classes="acc:3," entropy="0.0" doors="3">acc</node><node classes="acc:3," entropy="0.0" doors="4">acc</node><node classes="acc:3," entropy="0.0" doors="5more">acc</node></node><node classes="unacc:1,acc:11," entropy="0.20690842515181687" maint="low"><node classes="unacc:1,acc:2," entropy="0.4591479170272448" doors="2"><node classes="unacc:1," entropy="0.0" lug_boot="small">unacc</node><node classes="acc:1," entropy="0.0" lug_boot="med">acc</node><node classes="acc:1," entropy="0.0" lug_boot="big">acc</node></node><node classes="acc:3," entropy="0.0" doors="3">acc</node><node classes="acc:3," entropy="0.0" doors="4">acc</node><node classes="acc:3," entropy="0.0" doors="5more">acc</node></node></node><node classes="unacc:4,acc:26,vgood:14,good:4," entropy="0.7975395672306318" buying="med"><node classes="unacc:1,acc:11," entropy="0.20690842515181687" maint="vhigh"><node classes="unacc:1,acc:2," entropy="0.4591479170272448" doors="2"><node classes="unacc:1," entropy="0.0" lug_boot="small">unacc</node><node classes="acc:1," entropy="0.0" lug_boot="med">acc</node><node classes="acc:1," entropy="0.0" lug_boot="big">acc</node></node><node classes="acc:3," entropy="0.0" doors="3">acc</node><node classes="acc:3," entropy="0.0" doors="4">acc</node><node classes="acc:3," entropy="0.0" doors="5more">acc</node></node><node classes="unacc:1,acc:11," entropy="0.20690842515181687" maint="high"><node classes="unacc:1,acc:2," entropy="0.4591479170272448" doors="2"><node classes="unacc:1," entropy="0.0" lug_boot="small">unacc</node><node classes="acc:1," entropy="0.0" lug_boot="med">acc</node><node classes="acc:1," entropy="0.0" lug_boot="big">acc</node></node><node classes="acc:3," entropy="0.0" doors="3">acc</node><node classes="acc:3," entropy="0.0" doors="4">acc</node><node classes="acc:3," entropy="0.0" doors="5more">acc</node></node><node classes="unacc:1,acc:4,vgood:7," entropy="0.6403360647604435" maint="med"><node classes="unacc:1,acc:3," entropy="0.4056390622295664" lug_boot="small"><node classes="unacc:1," entropy="0.0" doors="2">unacc</node><node classes="acc:1," entropy="0.0" doors="3">acc</node><node classes="acc:1," entropy="0.0" doors="4">acc</node><node classes="acc:1," entropy="0.0" doors="5more">acc</node></node><node classes="acc:1,vgood:3," entropy="0.4056390622295664" lug_boot="med"><node classes="acc:1," entropy="0.0" doors="2">acc</node><node classes="vgood:1," entropy="0.0" doors="3">vgood</node><node classes="vgood:1," entropy="0.0" doors="4">vgood</node><node classes="vgood:1," entropy="0.0" doors="5more">vgood</node></node><node classes="vgood:4," entropy="0.0" lug_boot="big">vgood</node></node><node classes="unacc:1,good:4,vgood:7," entropy="0.6403360647604435" maint="low"><node classes="unacc:1,good:3," entropy="0.4056390622295664" lug_boot="small"><node classes="unacc:1," entropy="0.0" doors="2">unacc</node><node classes="good:1," entropy="0.0" doors="3">good</node><node classes="good:1," entropy="0.0" doors="4">good</node><node classes="good:1," entropy="0.0" doors="5more">good</node></node><node classes="good:1,vgood:3," entropy="0.4056390622295664" lug_boot="med"><node classes="good:1," entropy="0.0" doors="2">good</node><node classes="vgood:1," entropy="0.0" doors="3">vgood</node><node classes="vgood:1," entropy="0.0" doors="4">vgood</node><node classes="vgood:1," entropy="0.0" doors="5more">vgood</node></node><node classes="vgood:4," entropy="0.0" lug_boot="big">vgood</node></node></node><node classes="unacc:4,acc:15,vgood:21,good:8," entropy="0.8878768252305599" buying="low"><node classes="unacc:1,acc:11," entropy="0.20690842515181687" maint="vhigh"><node classes="unacc:1,acc:2," entropy="0.4591479170272448" doors="2"><node classes="unacc:1," entropy="0.0" lug_boot="small">unacc</node><node classes="acc:1," entropy="0.0" lug_boot="med">acc</node><node classes="acc:1," entropy="0.0" lug_boot="big">acc</node></node><node classes="acc:3," entropy="0.0" doors="3">acc</node><node classes="acc:3," entropy="0.0" doors="4">acc</node><node classes="acc:3," entropy="0.0" doors="5more">acc</node></node><node classes="unacc:1,acc:4,vgood:7," entropy="0.6403360647604435" maint="high"><node classes="unacc:1,acc:3," entropy="0.4056390622295664" lug_boot="small"><node classes="unacc:1," entropy="0.0" doors="2">unacc</node><node classes="acc:1," entropy="0.0" doors="3">acc</node><node classes="acc:1," entropy="0.0" doors="4">acc</node><node classes="acc:1," entropy="0.0" doors="5more">acc</node></node><node classes="acc:1,vgood:3," entropy="0.4056390622295664" lug_boot="med"><node classes="acc:1," entropy="0.0" doors="2">acc</node><node classes="vgood:1," entropy="0.0" doors="3">vgood</node><node classes="vgood:1," entropy="0.0" doors="4">vgood</node><node classes="vgood:1," entropy="0.0" doors="5more">vgood</node></node><node classes="vgood:4," entropy="0.0" lug_boot="big">vgood</node></node><node classes="unacc:1,good:4,vgood:7," entropy="0.6403360647604435" maint="med"><node classes="unacc:1,good:3," entropy="0.4056390622295664" lug_boot="small"><node classes="unacc:1," entropy="0.0" doors="2">unacc</node><node classes="good:1," entropy="0.0" doors="3">good</node><node classes="good:1," entropy="0.0" doors="4">good</node><node classes="good:1," entropy="0.0" doors="5more">good</node></node><node classes="good:1,vgood:3," entropy="0.4056390622295664" lug_boot="med"><node classes="good:1," entropy="0.0" doors="2">good</node><node classes="vgood:1," entropy="0.0" doors="3">vgood</node><node classes="vgood:1," entropy="0.0" doors="4">vgood</node><node classes="vgood:1," entropy="0.0" doors="5more">vgood</node></node><node classes="vgood:4," entropy="0.0" lug_boot="big">vgood</node></node><node classes="unacc:1,good:4,vgood:7," entropy="0.6403360647604435" maint="low"><node classes="unacc:1,good:3," entropy="0.4056390622295664" lug_boot="small"><node classes="unacc:1," entropy="0.0" doors="2">unacc</node><node classes="good:1," entropy="0.0" doors="3">good</node><node classes="good:1," entropy="0.0" doors="4">good</node><node classes="good:1," entropy="0.0" doors="5more">good</node></node><node classes="good:1,vgood:3," entropy="0.4056390622295664" lug_boot="med"><node classes="good:1," entropy="0.0" doors="2">good</node><node classes="vgood:1," entropy="0.0" doors="3">vgood</node><node classes="vgood:1," entropy="0.0" doors="4">vgood</node><node classes="vgood:1," entropy="0.0" doors="5more">vgood</node></node><node classes="vgood:4," entropy="0.0" lug_boot="big">vgood</node></node></node></node></node></tree>